Country,ISO_A3,1950,1951,1952,1953,1954,1955,1956,1957,1958,1959,1960,1961,1962,1963,1964,1965,1966,1967,1968,1969,1970,1971,1972,1973,1974,1975,1976,1977,1978,1979,1980,1981,1982,1983,1984,1985,1986,1987,1988,1989,1990,1991,1992,1993,1994,1995,1996,1997,1998,1999,2000,2001,2002,2003,2004,2005,2006,2007,2008,2009,2010,2011,2012,2013,2014,2015,2016,2017,2018,2019,2020,2021,2022,2023,2024
Afghanistan,AFG,1,0,0,0,0,2,0,0,0,1,1,0,1,2,0,0,2,2,0,1,2,0,1,3,1,0,1,1,3,2,0,0,1,3,1,2,2,0,2,1,0,1,1,1,1,2,3,0,1,2,4,3,2,4,6,1,5,4,3,1,4,3,4,4,3,8,6,3,5,7,6,12,11,3,5
Albania,ALB,0,4,0,1,1,0,2,2,0,2,1,1,1,1,1,3,2,2,1,2,2,1,1,1,1,4,2,1,3,4,3,2,3,2,2,3,0,2,0,1,5,2,1,3,1,4,5,1,3,0,2,2,6,3,6,7,6,8,8,6,9,11,9,8,9,20,8,20,13,11,20,26,16,16,8
Algeria,DZA,1,1,2,1,2,1,1,4,2,1,1,5,3,4,4,3,2,2,2,4,0,1,5,2,1,3,3,2,1,2,0,0,1,3,2,2,3,1,3,3,5,3,0,6,3,6,3,0,3,1,3,4,1,8,9,3,7,4,8,9,8,12,10,20,14,10,28,20,18,18,25,32,27,20,9
American Samoa,ASM,1,0,0,0,0,0,0,0,0,0,0,0,0,0,0,0,0,0,0,0,1,0,0,0,0,0,0,0,0,0,0,0,0,0,1,0,0,0,0,0,0,0,0,0,0,1,0,0,0,0,0,0,0,0,0,0,0,0,1,0,0,0,0,0,0,0,1,0,0,0,0,0,0,0,0
Andorra,AND,1,0,0,0,0,0,0,0,1,0,0,0,0,0,0,0,0,1,0,0,0,2,0,1,0,0,1,0,0,0,0,0,0,1,0,0,0,1,0,0,0,0,0,0,0,0,1,0,0,0,0,0,0,0,1,0,0,1,0,1,0,0,1,0,1,1,1,0,1,1,1,0,0,2,1
Angola,AGO,1,0,0,0,0,1,0,0,0,0,0,1,0,0,1,0,0,0,1,0,0,0,0,0,1,1,1,0,0,1,1,1,0,0,0,1,2,1,1,0,0,0,1,0,1,0,0,0,0,1,1,1,2,1,1,1,3,1,0,2,2,3,4,0,2,2,2,5,0,3,0,2,2,1,2
Anguilla,AIA,0,0,0,0,0,0,0,0,0,0,0,0,0,0,0,0,0,0,0,0,0,0,1,0,0,0,0,0,0,0,0,0,0,0,0,0,0,0,0,0,0,1,0,0,0,0,0,0,0,0,0,0,0,0,0,1,1,0,0,0,0,0,0,0,0,0,0,0,0,0,0,0,0,0,0
Antarctica,ATA,0,0,0,0,0,0,0,0,0,0,0,0,0,0,0,0,0,1,0,0,0,0,0,0,0,0,0,0,0,0,0,0,0,0,0,0,0,0,0,0,0,0,0,0,0,0,0,0,0,0,0,0,0,0,0,1,0,1,0,0,0,0,0,1,0,2,0,2,0,0,0,0,1,1,0
Antigua And Barbuda,ATG,0,0,0,0,0,0,0,0,0,0,0,0,0,0,0,0,0,0,0,0,1,1,0,0,0,0,1,0,0,0,0,0,0,1,0,1,0,0,0,0,0,0,0,0,0,1,0,0,0,0,0,0,0,0,0,0,0,0,0,0,2,0,0,0,0,0,0,0,1,0,1,0,0,0,0
Argentina,ARG,16,24,28,20,28,18,19,19,27,31,27,27,23,33,35,37,35,35,43,52,43,42,34,56,52,67,53,49,63,54,54,39,59,54,70,57,63,53,70,73,68,73,68,67,68,73,80,84,82,76,82,111,103,87,126,117,146,165,165,158,184,160,207,222,247,268,317,350,353,394,331,386,388,366,191
Armenia,ARM,0,1,0,1,1,1,0,1,1,0,1,2,0,2,0,2,0,1,1,0,2,1,1,0,1,1,0,1,2,0,3,1,0,1,0,1,2,1,0,1,1,2,5,5,2,2,2,3,2,2,0,4,2,3,5,1,12,4,6,7,6,8,9,7,8,9,8,7,9,11,10,9,5,7,4
Aruba,ABW,0,0,0,1,0,0,0,0,0,0,0,0,0,0,0,0,0,0,0,0,0,0,0,0,1,0,1,0,0,0,0,0,0,0,0,0,0,0,0,0,0,0,0,0,0,0,0,0,0,1,0,1,0,0,1,0,1,0,0,1,0,0,0,0,1,2,1,0,0,0,2,0,0,1,1
Australia,AUS,20,20,21,26,16,22,24,18,30,33,26,27,41,16,32,36,42,37,54,52,41,52,40,48,43,50,50,39,60,35,45,63,51,57,64,33,54,67,52,62,72,65,61,68,58,58,57,67,75,60,81,69,86,99,103,125,124,104,127,160,148,154,183,203,236,195,228,259,240,254,288,308,318,337,154
Austria,AUT,7,17,7,17,19,16,11,19,18,20,15,18,15,13,23,22,20,28,22,28,30,28,27,25,25,22,28,24,35,32,31,29,26,43,43,18,34,41,35,37,33,28,31,29,24,33,39,34,35,31,32,45,44,48,61,80,72,78,80,77,91,106,88,112,160,163,163,165,176,208,209,271,276,280,126
Azerbaijan,AZE,1,1,1,0,1,0,0,2,0,0,2,1,1,2,0,0,3,4,3,0,2,2,1,0,2,1,3,3,4,1,0,0,1,3,3,0,3,0,1,3,3,2,1,3,3,1,1,1,1,1,1,1,1,2,5,4,2,6,2,3,4,6,3,6,3,5,3,5,10,10,8,8,11,11,2
Bahamas,BHS,0,0,0,0,0,0,0,0,0,0,0,0,0,0,0,0,0,0,1,0,0,0,1,0,0,1,0,0,0,0,0,1,0,1,1,1,0,2,1,0,0,0,0,1,0,0,0,1,0,0,0,0,1,0,0,1,0,0,1,0,1,3,0,0,2,2,2,0,0,2,0,2,3,1,2
Bahrain,BHR,0,0,0,0,1,1,0,0,0,0,0,0,0,0,0,0,1,0,0,0,1,0,0,0,0,0,0,0,1,0,0,0,0,0,0,0,1,1,0,0,1,1,1,0,0,0,0,1,1,0,0,1,1,0,0,0,1,2,0,1,1,0,2,1,1,0,0,1,1,1,0,0,1,1,2
Bangladesh,BGD,3,4,1,0,3,3,6,1,2,4,2,4,2,4,7,5,5,4,4,4,3,6,5,4,7,3,9,4,5,9,3,7,13,4,6,7,8,2,7,9,4,6,5,4,7,4,6,6,6,7,20,13,10,17,16,16,21,18,18,21,20,19,28,24,20,27,24,27,24,32,27,35,37,37,15
Barbados,BRB,0,1,0,0,0,0,0,0,0,0,0,0,0,0,0,0,0,0,0,0,0,0,0,0,2,0,0,0,0,1,1,0,0,1,1,0,0,0,0,0,0,0,0,0,0,0,0,3,0,0,0,0,0,0,0,0,0,0,0,1,0,0,0,1,1,1,1,1,0,3,1,4,2,1,2
Belarus,BLR,0,0,3,0,1,3,0,2,2,5,3,1,2,2,4,1,4,5,2,5,2,6,4,1,3,3,1,4,4,8,4,1,2,5,7,0,5,0,3,0,4,1,3,4,10,5,5,9,8,6,3,2,5,12,7,3,2,5,4,9,11,7,5,6,7,5,11,13,13,20,12,16,16,27,13
Belgium,BEL,13,13,18,22,12,24,21,21,21,13,13,22,29,16,28,25,24,24,33,35,35,39,31,45,32,30,22,47,32,25,42,39,36,41,52,43,49,32,46,47,41,49,38,49,47,45,49,47,44,56,59,43,66,66,72,78,79,96,90,88,124,113,119,171,172,155,157,220,188,204,220,240,227,253,94
Belize,BLZ,0,0,0,0,1,0,0,0,0,1,0,0,0,0,0,0,0,1,2,0,0,0,0,0,0,0,0,0,0,0,0,1,0,0,0,0,0,0,0,0,0,0,0,0,0,0,0,1,0,1,0,0,1,0,0,0,0,0,0,0,2,0,0,0,0,1,0,0,0,0,1,1,1,2,0
Benin,BEN,0,0,0,0,0,0,0,0,2,0,0,0,0,1,1,0,0,0,0,0,0,1,0,0,0,0,0,0,1,0,1,0,0,0,1,0,0,1,0,0,1,2,0,0,0,2,1,2,1,0,0,0,0,0,1,0,1,0,1,0,1,1,1,0,1,3,0,1,1,0,3,1,3,1,1
Bermuda,BMU,0,0,0,0,0,0,0,0,0,0,0,0,0,0,0,0,0,0,0,0,0,0,0,1,0,0,0,0,1,1,0,1,0,0,0,0,0,0,0,0,0,1,0,0,1,0,0,0,0,0,1,0,0,0,0,0,0,0,0,0,0,1,1,0,2,0,1,0,1,0,2,0,1,0,0
Bhutan,BTN,0,0,0,2,0,0,0,0,0,0,0,0,0,0,0,0,0,1,0,0,0,1,1,1,1,0,0,0,0,1,1,0,0,0,0,1,0,0,0,0,1,0,0,0,0,0,0,0,0,1,0,1,0,1,0,0,0,1,1,4,1,2,1,1,3,1,2,2,2,0,0,2,1,1,0
Bolivia,BOL,0,0,1,1,2,0,1,2,1,0,0,0,2,1,2,3,3,0,1,3,4,0,0,0,2,1,3,0,2,1,1,1,0,0,3,2,0,0,2,1,1,3,3,1,1,3,0,6,2,1,2,1,2,2,2,0,3,4,6,6,8,9,10,9,3,8,9,9,10,7,8,6,10,7,6
Bosnia And Herzegovina,BIH,2,1,2,3,5,2,0,1,6,2,1,1,5,3,2,2,2,3,1,5,2,1,5,3,5,5,3,6,2,3,2,2,3,3,5,2,5,3,5,3,2,5,5,1,5,6,5,4,3,3,9,11,13,6,3,4,6,5,7,7,8,14,10,9,11,12,17,12,11,19,14,18,11,33,15
Botswana,BWA,0,0,0,0,0,0,0,0,1,0,0,0,0,0,0,0,0,0,0,0,0,1,1,0,1,0,0,0,0,0,0,0,0,0,0,0,0,0,0,0,0,0,0,0,1,0,0,0,0,1,1,0,0,0,0,1,1,1,0,0,0,0,0,2,1,1,2,2,0,2,0,0,2,1,1
Bouvet Island,BVT,0,0,0,0,0,0,0,0,0,0,0,0,0,0,0,0,0,0,0,0,0,0,0,0,0,0,0,0,0,0,0,0,0,0,0,0,0,0,0,0,0,0,0,0,0,0,0,0,0,0,0,0,0,0,0,0,0,0,0,0,0,0,0,0,0,0,0,0,0,0,0,0,1,0,0
Brazil,BRA,61,52,50,44,42,35,49,54,47,56,62,55,89,64,64,83,84,88,91,103,74,94,106,98,98,104,95,103,95,122,114,106,108,118,111,116,105,103,138,143,135,124,141,123,119,126,120,150,144,165,166,152,179,213,239,274,289,297,270,341,330,357,395,451,475,472,467,529,502,579,632,694,739,731,284
British Indian Ocean Territory,IOT,0,0,0,0,0,0,0,0,0,0,0,0,0,0,0,0,0,0,0,0,0,0,0,0,0,0,0,0,0,0,0,0,0,0,0,0,0,0,0,0,0,0,0,0,0,0,0,0,0,0,0,0,0,0,0,0,0,0,0,1,0,0,0,0,0,0,0,0,0,0,0,2,0,0,0
British Virgin Islands,VGB,0,0,0,0,0,0,0,0,0,0,0,0,0,0,0,0,0,0,0,0,0,0,0,0,0,0,0,0,0,0,0,0,0,0,0,0,0,0,0,0,1,0,0,0,0,0,0,0,0,0,0,1,0,0,0,0,0,0,0,1,0,0,0,0,0,0,0,0,0,0,0,1,0,0,0
Brunei,BRN,0,0,0,0,0,0,1,0,0,0,0,1,0,0,0,0,0,0,0,0,0,0,0,0,0,0,1,0,0,0,0,1,0,0,0,0,1,0,0,0,0,1,0,0,0,0,0,2,0,0,1,0,0,0,1,0,0,0,0,2,1,0,2,0,0,1,1,1,0,0,0,0,1,3,0
Bulgaria,BGR,4,2,4,2,4,5,7,7,7,5,1,6,2,1,7,7,4,6,7,4,4,7,4,5,9,4,5,6,5,5,4,5,6,4,7,12,4,4,14,2,11,4,5,10,9,10,9,6,6,5,16,13,11,19,9,13,13,17,22,19,17,21,19,27,27,29,31,34,42,59,58,57,61,61,20
Burkina Faso,BFA,0,2,0,0,0,1,1,0,0,0,0,2,1,0,0,0,0,1,1,3,1,0,0,0,0,3,2,0,1,0,1,2,0,0,0,2,3,0,1,0,5,0,2,1,1,1,0,0,2,0,1,0,1,0,0,1,0,4,5,4,2,6,8,3,6,4,3,6,4,5,6,8,5,7,2
Burundi,BDI,0,0,0,1,0,0,0,0,1,0,0,0,0,0,0,0,1,0,0,0,0,0,0,0,0,0,0,0,0,0,0,0,0,0,0,0,0,1,0,0,0,1,0,0,0,0,0,0,0,0,0,0,0,2,0,0,0,0,0,0,0,0,0,0,1,1,2,1,1,2,0,0,1,0,1
Cambodia,KHM,0,2,0,0,1,4,0,1,1,0,0,1,1,0,2,2,1,2,1,3,3,1,1,1,0,0,0,3,1,1,0,4,1,2,2,1,0,3,1,2,4,2,3,2,3,1,3,0,4,2,1,3,2,3,3,7,7,6,6,4,3,9,7,7,10,11,11,9,6,14,14,12,12,9,2
Cameroon,CMR,0,0,1,0,0,0,1,0,1,0,1,0,0,0,1,0,0,1,2,1,0,0,3,0,1,2,1,2,2,0,0,0,1,0,1,0,2,0,0,1,0,2,2,0,2,1,1,4,3,3,5,2,8,2,1,4,0,1,2,3,3,1,6,8,6,2,6,5,6,1,3,2,5,8,3
Canada,CAN,69,75,73,52,65,78,69,78,71,76,82,83,92,90,107,102,95,112,105,142,141,117,131,141,119,126,132,116,145,141,141,145,124,142,153,151,162,168,156,198,187,181,180,166,174,169,172,209,185,211,214,233,226,256,287,329,376,374,402,434,476,497,498,579,598,672,634,707,742,853,872,974,971,971,380
Cape Verde,CPV,1,1,0,1,1,0,0,0,0,0,0,0,1,0,0,0,0,0,0,0,0,0,1,0,0,0,1,0,1,0,1,0,0,0,0,0,0,1,1,0,0,0,2,1,0,0,0,0,0,0,1,0,1,1,0,0,3,0,1,1,1,0,1,1,1,2,0,4,0,0,0,2,2,3,0
Cayman Islands,CYM,0,0,0,0,0,0,0,0,0,0,0,0,0,0,0,0,0,0,0,0,0,0,0,0,0,0,0,0,0,0,0,0,0,0,0,0,0,0,1,0,0,1,0,0,0,0,0,0,0,0,0,0,1,0,0,0,0,0,0,1,0,0,0,0,0,0,0,0,0,0,0,0,1,1,0
Central African Republic,CAF,0,0,0,0,0,0,0,0,0,0,0,0,1,0,0,0,0,0,0,1,0,1,0,0,0,0,0,0,0,0,0,0,0,1,0,0,0,0,0,0,1,0,0,0,0,1,0,0,0,0,1,0,0,1,2,0,1,0,0,0,0,1,0,1,0,0,0,1,1,2,1,0,2,3,1
Chad,TCD,0,0,0,0,0,0,0,0,0,0,0,0,0,0,0,0,1,0,0,0,1,1,0,0,1,0,0,1,1,0,1,0,1,1,1,0,0,0,0,0,0,0,0,0,1,0,0,0,0,0,0,1,0,0,0,0,1,0,1,0,0,1,1,0,1,1,0,0,1,0,1,1,3,1,0
Chile,CHL,8,6,9,7,10,9,8,9,8,9,6,5,11,7,5,14,10,11,11,10,14,17,14,12,16,9,10,21,10,17,14,24,21,14,17,17,9,21,18,22,17,15,15,20,20,17,21,16,20,14,16,23,28,24,24,27,31,37,32,49,42,53,60,47,65,66,52,76,87,79,95,106,108,93,42
China,CHN,37,40,29,25,28,42,45,30,42,42,51,46,39,45,44,46,53,62,64,65,63,77,64,76,67,69,66,69,77,83,80,65,63,70,71,78,92,82,98,107,120,95,81,97,108,98,96,107,98,107,128,161,144,141,167,181,221,205,193,213,222,271,284,285,276,325,333,344,397,439,547,668,618,678,262
Christmas Island,CXR,0,0,0,0,0,0,0,0,0,0,0,0,0,0,0,0,0,0,0,0,0,0,0,0,0,0,0,0,0,0,0,0,0,0,0,0,0,0,0,0,0,0,0,0,0,0,1,0,0,0,0,0,0,1,0,0,0,0,0,0,0,0,1,0,0,0,0,0,0,0,0,0,0,0,0
Cocos (Keeling) Islands,CCK,0,0,0,0,0,0,0,0,0,0,0,0,0,0,0,0,0,0,0,0,0,0,0,0,0,0,0,0,0,0,0,0,0,0,0,0,0,0,0,0,0,0,1,0,0,0,0,0,0,0,0,0,0,0,0,0,0,0,0,0,0,0,0,0,0,0,0,0,0,0,0,0,0,0,0
Colombia,COL,2,7,13,3,6,3,2,8,11,1,4,5,11,5,9,7,9,9,9,7,10,6,16,7,16,10,7,9,7,7,11,5,11,13,11,5,10,12,10,9,10,12,12,9,11,8,16,13,11,14,15,17,13,21,33,22,31,25,16,28,33,32,36,47,47,65,43,50,50,37,72,64,73,45,26
Comoros,COM,0,0,0,0,0,0,0,0,0,0,0,0,1,0,0,0,0,0,0,0,0,0,0,0,0,0,0,0,2,0,0,0,0,0,0,0,0,1,0,0,0,0,0,0,0,0,1,0,0,0,0,0,0,0,1,1,0,0,0,0,0,0,0,1,0,0,1,1,1,0,0,1,0,0,0
Congo,COG,0,0,0,0,0,0,1,0,0,0,0,0,0,0,0,0,1,0,0,0,0,0,2,0,1,0,0,0,0,1,0,1,0,0,1,1,0,0,0,0,0,0,0,0,2,0,0,0,1,0,0,0,0,1,2,1,0,1,0,1,0,0,0,0,0,1,1,3,0,1,2,0,1,2,0
Cook Islands,COK,0,0,0,0,0,0,0,0,0,0,0,0,0,0,0,0,0,0,0,0,0,0,0,0,0,0,0,0,0,0,0,0,0,0,0,0,0,0,0,0,0,0,0,0,0,0,0,0,0,0,0,0,0,0,0,0,0,1,0,0,0,0,0,0,1,0,0,1,0,1,0,1,0,0,0
Costa Rica,CRI,2,3,0,2,0,3,2,2,1,4,0,3,1,2,3,0,2,3,2,2,2,2,1,2,4,2,3,3,2,3,2,3,7,1,3,1,1,2,0,3,7,0,8,3,3,4,3,5,3,5,4,11,3,8,2,7,13,6,12,6,10,8,7,9,18,11,11,12,11,15,14,22,22,14,7
Croatia,HRV,1,2,8,6,7,3,3,5,0,4,5,6,5,3,5,7,7,3,4,11,7,10,5,7,8,16,5,8,8,11,7,5,11,5,6,7,11,14,9,10,12,11,8,11,9,6,14,10,9,11,7,18,14,23,17,13,26,30,18,19,19,25,22,32,37,28,26,35,35,31,35,39,61,59,25
Cuba,CUB,1,3,2,2,4,2,1,5,3,4,2,4,2,4,4,2,5,1,5,6,7,6,8,7,4,5,2,8,7,5,6,4,6,4,4,10,4,5,5,7,9,5,12,6,6,3,7,5,7,8,5,5,10,9,5,10,15,8,12,19,11,15,19,17,26,27,25,30,31,25,34,35,30,35,19
Cyprus,CYP,0,0,0,0,2,0,0,0,2,1,0,0,2,2,0,0,0,0,2,3,0,2,0,2,1,1,0,0,3,0,1,1,1,0,1,1,1,0,2,2,2,2,0,6,3,1,2,1,1,2,1,1,2,4,0,2,2,0,3,1,4,2,4,4,1,3,9,2,8,6,6,7,7,9,7
Czech Republic,CZE,7,9,13,8,7,11,15,11,12,13,14,18,19,9,17,12,20,21,11,16,30,25,25,27,22,18,17,21,23,26,22,16,27,24,25,30,23,20,23,31,29,22,40,34,35,20,27,27,30,46,44,33,37,43,48,68,58,65,61,60,76,70,83,85,81,98,83,113,99,123,117,150,159,208,67
Czechoslovakia,CZE,4,5,7,15,4,4,7,7,7,13,9,12,19,8,14,34,18,30,24,23,24,19,18,20,29,28,32,24,27,30,30,41,29,38,25,32,40,32,29,24,29,19,27,35,27,40,27,49,41,56,38,40,34,40,36,49,49,65,64,79,87,131,124,104,229,249,306,405,496,566,602,531,343,290,132
Democratic Republic Of Congo,COD,0,0,1,0,1,0,0,0,0,1,0,1,0,0,0,0,2,1,0,0,0,0,0,1,0,0,1,1,0,1,0,2,0,1,1,1,1,0,0,1,1,0,0,0,1,1,1,5,0,1,0,1,1,1,1,1,5,4,3,2,2,2,2,3,7,4,2,2,2,5,7,7,5,9,4
Denmark,DNK,8,9,14,7,13,14,16,17,16,14,14,22,20,14,20,22,11,31,29,36,29,24,23,31,36,28,24,22,32,40,25,30,30,36,32,24,27,31,40,40,29,41,30,32,32,47,46,38,39,44,58,57,67,52,64,74,92,91,91,101,99,130,146,154,166,136,179,189,191,204,197,226,212,215,86
Djibouti,DJI,0,0,0,0,0,0,0,0,0,0,0,0,0,0,0,0,0,0,0,0,0,0,0,0,0,0,0,1,0,0,0,0,0,0,0,0,0,0,0,0,0,1,0,0,0,0,0,0,0,0,0,0,0,0,0,0,0,0,0,0,0,0,0,0,0,0,0,1,2,0,1,0,0,0,0
Dominica,DMA,0,0,0,0,0,0,0,0,0,0,0,0,0,0,0,0,0,0,0,0,0,0,0,0,0,0,0,0,1,0,0,0,0,0,1,0,0,0,0,0,0,1,1,0,0,0,0,0,0,0,0,0,0,0,0,0,2,0,0,0,0,0,0,0,1,0,1,0,0,0,0,0,0,0,0
Dominican Republic,DOM,1,1,3,3,2,2,0,1,0,2,0,1,3,0,1,3,1,7,4,2,2,2,5,0,0,2,5,1,5,5,2,2,3,2,1,1,4,3,7,3,5,3,5,5,1,2,4,0,2,3,4,8,5,3,11,4,7,8,7,8,6,11,15,12,17,11,9,13,8,16,11,15,20,28,12
East Germany,DDR,5,4,1,4,3,4,4,5,4,5,4,5,7,5,6,5,7,11,1,1,9,2,2,6,3,5,7,5,10,8,4,2,4,8,6,9,6,7,7,4,4,8,5,14,5,4,9,12,6,5,12,7,16,8,10,9,19,18,25,22,27,25,36,26,34,37,44,53,51,94,101,122,89,86,28
Ecuador,ECU,1,1,0,3,1,1,2,0,5,0,5,1,3,4,3,0,2,3,2,2,2,3,1,2,3,2,0,5,1,5,4,2,3,1,4,1,0,3,3,1,6,1,6,0,4,4,2,2,6,3,1,4,6,8,5,6,9,9,3,7,11,10,8,9,12,12,10,16,14,14,16,15,16,18,12
Egypt,EGY,10,8,5,6,10,10,10,6,10,13,8,9,13,12,14,8,8,10,20,13,21,11,15,16,10,17,14,19,22,16,17,10,22,18,20,29,17,24,24,23,20,16,22,24,22,18,25,32,49,24,29,28,39,38,41,44,52,44,62,69,61,73,74,101,93,113,109,141,159,160,217,227,169,186,60
El Salvador,SLV,0,0,1,0,0,0,1,0,0,0,1,0,0,1,1,1,0,1,2,0,0,2,0,0,2,0,0,1,1,1,0,0,0,1,0,1,0,0,1,1,0,0,0,0,0,0,0,1,3,0,2,0,2,0,1,0,2,2,1,2,0,0,1,1,1,2,5,5,3,1,0,5,1,1,2
Equatorial Guinea,GNQ,0,0,0,0,0,0,0,0,0,0,0,0,0,0,0,0,0,0,0,0,0,0,0,0,0,0,0,0,0,0,0,0,0,0,0,0,1,0,0,1,0,0,0,0,0,0,0,1,0,0,1,0,1,0,1,0,0,0,0,2,0,1,0,0,0,0,0,0,0,0,0,0,1,1,0
Eritrea,ERI,0,0,0,0,0,0,0,0,0,0,0,0,0,0,0,0,0,0,0,2,0,0,0,1,0,0,0,0,0,0,0,0,0,0,0,0,0,0,0,1,0,0,1,0,0,0,0,0,0,1,0,1,0,0,0,0,0,0,0,0,0,0,1,1,0,0,0,0,0,0,3,1,0,0,1
Estonia,EST,3,5,0,5,2,3,3,5,6,4,5,4,2,2,3,5,4,5,4,2,0,4,9,8,7,5,6,11,6,5,7,9,4,6,9,6,10,7,13,3,10,7,10,4,12,10,5,11,11,8,9,13,8,16,13,14,8,22,24,22,25,21,31,41,25,33,37,36,33,33,33,43,58,49,16
Eswatini,SWZ,0,1,0,0,0,0,0,0,0,0,0,0,0,0,0,0,0,0,0,0,0,0,0,0,0,0,0,0,0,0,0,0,0,0,1,0,0,0,0,0,0,1,0,0,1,0,0,0,0,0,0,0,0,1,0,0,0,0,0,1,1,0,1,0,0,0,1,1,1,0,0,0,0,2,0
Ethiopia,ETH,0,0,1,2,1,0,2,1,2,0,1,0,1,0,2,0,0,0,2,2,3,2,0,1,1,1,1,2,2,0,2,3,1,2,1,2,1,1,1,3,0,1,0,0,2,0,2,0,0,2,0,2,4,3,2,9,2,2,6,3,4,3,3,2,2,5,6,6,9,6,9,13,8,6,4
Falkland Islands,FLK,0,0,0,0,0,0,0,0,0,0,0,0,0,0,0,0,1,0,0,0,0,0,0,0,0,0,0,0,0,0,0,0,0,0,0,0,0,0,0,0,0,0,0,0,0,0,0,0,0,0,0,0,0,0,0,0,0,0,0,0,0,0,0,1,1,0,0,0,0,0,0,0,1,0,0
Faroe Islands,FRO,0,0,0,0,0,0,0,1,2,1,0,0,0,0,0,0,0,0,0,0,0,0,0,0,0,0,0,0,1,1,0,0,0,0,0,0,0,0,1,1,1,0,0,0,0,0,0,0,0,2,0,0,0,0,1,0,0,0,0,1,1,2,0,0,1,0,0,2,2,0,0,5,3,2,0
Federated States Of Micronesia,FSM,0,0,0,0,0,0,0,0,0,0,0,0,0,0,0,0,0,0,0,0,0,0,0,0,0,0,0,0,0,0,0,0,0,0,0,0,0,0,0,1,0,0,1,0,0,0,0,0,0,0,0,0,0,0,0,0,0,0,0,0,1,0,0,0,0,0,0,0,1,0,0,0,0,0,0
Fiji,FJI,0,0,0,0,0,0,0,0,0,0,0,0,0,0,0,0,0,0,0,0,0,0,0,0,0,0,0,0,0,0,0,0,0,0,0,0,0,0,0,0,0,0,1,0,0,0,0,0,1,0,0,0,0,0,0,1,0,0,0,0,0,0,0,0,1,1,1,2,0,1,0,0,2,4,4
Finland,FIN,9,11,12,11,11,13,15,17,11,14,15,13,20,12,17,14,21,22,13,23,19,25,23,22,22,18,19,16,24,28,20,19,24,18,20,22,15,41,28,33,25,23,29,20,37,32,32,37,27,36,41,37,38,49,50,47,62,60,81,70,63,83,89,84,100,121,103,123,142,173,172,181,162,172,91
France,FRA,128,107,115,134,126,133,155,156,154,144,160,164,176,171,185,180,194,216,225,267,231,238,274,287,268,254,242,268,263,277,295,302,303,274,335,298,312,321,359,341,374,364,378,337,363,383,323,406,412,417,405,468,506,516,582,643,702,700,764,801,806,908,1002,1082,1172,1284,1353,1461,1563,1797,1803,1864,1968,1958,886
French Guiana,GUF,0,0,0,0,0,0,0,0,0,0,0,1,0,0,0,0,0,0,0,0,0,1,0,0,0,0,0,0,0,0,1,0,0,0,0,0,0,0,0,0,0,0,0,0,0,0,0,0,0,0,1,0,0,0,0,0,0,0,0,0,0,0,0,1,0,0,0,1,1,1,1,0,0,0,1
French Polynesia,PYF,0,0,0,0,0,0,0,0,0,0,0,0,0,0,0,0,0,0,0,0,0,0,0,1,0,0,0,0,0,1,1,0,0,0,0,0,1,0,1,0,0,0,0,1,0,0,1,0,0,0,0,0,1,1,1,0,0,0,1,2,0,3,1,2,8,9,2,0,1,2,5,4,0,0,3
French Southern Territories,ATF,0,0,0,0,0,0,0,0,0,0,0,0,0,0,0,0,0,0,0,0,0,0,0,0,0,0,0,1,0,0,1,0,0,0,0,0,0,0,0,0,0,0,0,0,0,0,0,0,0,0,0,0,0,0,0,0,0,0,0,0,0,0,0,0,0,0,0,0,0,1,0,0,0,0,0
Gabon,GAB,0,0,1,0,0,0,0,0,1,0,0,0,0,0,0,1,0,0,0,0,0,0,0,0,0,0,0,0,0,0,0,0,0,0,0,0,0,0,0,0,0,0,0,0,0,0,0,0,2,0,1,0,1,1,1,0,0,0,1,1,1,2,1,0,1,1,1,1,2,0,0,2,2,1,2
Gambia,GMB,0,0,0,0,0,0,0,0,0,0,0,0,0,0,0,0,0,0,1,0,0,0,0,0,0,0,0,0,0,0,1,0,0,0,0,0,0,0,0,0,0,0,0,1,0,0,0,0,1,0,0,0,0,0,0,1,0,1,0,0,0,0,0,0,2,0,0,0,3,1,0,0,0,0,0
Georgia,GEO,1,1,1,1,2,1,0,1,2,1,2,0,1,2,1,0,2,1,2,3,5,4,6,4,3,2,3,1,3,1,4,2,6,5,3,5,2,3,2,2,6,3,7,4,3,6,3,4,2,2,8,7,4,9,5,6,3,10,10,10,8,15,13,5,14,17,9,15,21,18,18,22,16,16,9
Germany,DEU,93,84,87,91,118,91,109,129,135,128,137,122,144,140,143,141,133,198,203,181,191,187,212,205,207,215,200,196,198,236,206,234,244,236,235,227,210,243,244,260,259,277,252,248,269,245,253,283,316,306,333,356,360,410,451,461,569,548,630,643,637,756,837,936,1083,1143,1277,1526,1600,1772,1907,2152,2047,2155,905
Ghana,GHA,1,0,0,0,0,1,1,1,2,0,2,2,0,1,0,1,1,1,2,2,0,1,2,0,3,0,1,1,1,0,1,2,2,2,2,1,1,3,1,0,2,0,1,1,1,2,0,0,1,1,2,3,1,2,0,2,3,1,5,3,1,2,6,6,9,7,4,3,2,12,9,7,12,9,5
Gibraltar,GIB,0,0,0,0,0,0,0,0,0,0,0,0,0,0,0,0,0,0,0,0,0,0,0,0,0,0,0,0,0,0,0,0,0,0,0,0,0,0,0,0,0,0,0,0,0,0,0,0,0,0,0,0,0,0,0,0,0,1,0,0,0,0,1,0,0,0,0,0,0,0,1,0,1,0,0
Greece,GRC,11,9,13,10,9,14,8,18,16,12,12,19,18,11,14,17,14,18,14,23,21,18,20,13,15,18,20,12,25,22,19,22,24,25,13,23,18,23,24,32,31,32,22,22,32,19,15,32,41,33,38,41,35,44,42,47,49,59,68,67,64,67,88,93,83,90,110,106,154,197,159,192,205,187,74
Greenland,GRL,0,0,0,1,0,0,0,0,0,0,0,0,0,0,1,1,1,0,0,1,0,0,0,0,1,0,0,0,0,0,1,0,0,1,0,0,1,0,0,0,0,0,0,1,0,0,0,0,0,1,1,0,0,1,2,1,1,1,0,1,0,2,1,1,2,5,4,0,2,4,4,3,1,2,3
Grenada,GRD,0,0,0,0,0,0,0,0,0,0,0,0,0,0,0,0,0,0,0,0,0,0,0,0,0,0,0,0,0,0,0,0,0,0,0,0,0,1,0,0,1,0,0,0,1,0,0,1,0,0,1,0,0,0,0,0,0,0,0,0,0,0,0,0,1,1,0,0,0,0,0,0,0,0,0
Guadeloupe,GLP,0,0,0,0,0,0,0,0,0,0,0,0,0,1,0,1,2,0,0,1,0,0,0,0,0,0,0,0,1,0,0,0,1,0,0,0,0,0,0,1,0,0,0,0,0,0,0,0,1,0,0,0,2,0,0,0,1,0,0,0,0,0,0,1,0,1,0,1,1,1,2,0,1,2,0
Guam,GUM,0,0,0,0,0,0,0,0,0,0,0,0,1,0,0,0,0,0,0,0,0,0,0,1,0,0,1,0,0,0,0,0,0,0,0,1,0,1,0,0,0,0,0,0,0,0,0,0,0,0,0,0,0,0,0,0,0,1,2,1,0,1,0,0,1,0,2,1,1,0,0,1,0,1,0
Guatemala,GTM,0,1,0,2,0,0,2,0,0,1,0,0,1,0,1,1,0,0,3,1,1,0,0,5,0,0,0,1,0,2,6,2,0,0,1,1,1,0,3,0,1,0,0,0,0,4,3,1,1,1,3,2,4,2,9,2,2,3,3,4,1,6,4,4,5,7,5,3,6,5,3,7,8,5,6
Guinea,GIN,0,0,0,1,0,0,0,0,0,0,0,0,0,0,0,0,0,0,1,0,1,0,0,1,0,0,0,0,0,1,0,0,0,0,0,0,0,1,0,1,0,1,0,0,1,0,0,1,0,0,0,1,0,1,0,0,0,0,0,2,0,0,0,1,2,3,2,1,1,0,3,3,1,1,0
Guinea-Bissau,GNB,0,0,1,0,0,0,0,0,0,0,0,0,0,0,0,0,0,0,0,0,0,0,0,0,1,0,0,0,1,0,0,1,0,0,0,0,0,0,0,0,0,0,0,0,0,0,0,0,0,0,1,1,0,0,1,0,3,1,0,2,0,1,1,0,2,2,2,0,1,2,2,1,2,2,0
Guyana,GUY,1,0,0,0,0,0,0,0,0,0,0,1,0,0,0,0,0,0,0,0,0,0,0,0,0,0,0,0,0,0,0,0,0,0,0,0,0,0,1,0,0,2,0,0,1,1,0,0,0,0,0,0,0,0,0,1,0,0,0,1,0,0,0,0,0,2,1,0,0,1,0,1,0,0,0
Haiti,HTI,0,0,0,2,0,0,1,0,0,0,0,0,0,2,0,2,1,0,0,0,0,1,0,1,0,3,0,0,1,0,1,0,2,0,0,1,1,1,1,2,0,2,2,0,1,1,3,0,0,2,2,1,1,4,1,0,0,0,1,2,2,2,2,4,0,0,3,3,1,3,7,3,2,9,0
Heard Island And Mcdonald Islands,HMD,0,0,0,0,0,0,1,0,0,0,0,0,0,0,0,0,0,0,0,0,0,0,0,0,0,0,0,0,0,0,0,0,0,0,0,0,0,0,0,0,0,0,0,0,0,0,0,0,0,0,0,0,0,0,0,0,0,0,0,0,0,0,0,0,0,0,0,0,0,0,0,1,0,0,0
Holy See (Vatican City State),VAT,1,0,0,0,0,0,0,0,0,0,0,0,0,0,0,0,0,0,0,0,0,0,0,0,0,0,0,0,0,0,0,0,0,0,0,0,1,0,0,0,0,0,0,1,0,0,0,0,0,0,0,0,0,0,0,0,0,0,0,0,0,0,0,0,0,1,0,2,0,0,0,0,0,1,0
Honduras,HND,0,0,0,1,0,0,1,0,0,0,1,0,1,0,2,0,0,0,1,1,1,0,0,0,0,0,0,1,0,0,3,0,0,0,1,2,1,0,2,0,0,0,0,1,0,1,0,0,0,2,0,0,1,1,1,2,3,1,3,3,1,0,3,2,6,2,1,0,0,4,4,2,2,4,0
Hong Kong,HKG,18,15,19,15,14,26,27,22,24,30,15,33,21,26,19,25,34,34,34,38,40,33,38,48,36,38,35,33,31,41,50,37,45,45,47,47,45,48,50,47,50,50,47,51,60,51,57,60,52,57,75,79,65,79,93,87,103,106,99,143,109,139,148,160,177,195,201,260,310,338,285,312,337,323,118
Hungary,HUN,5,8,2,5,13,4,16,11,11,15,13,9,11,7,9,9,13,14,13,15,13,21,19,25,23,20,20,14,11,26,24,13,22,19,20,20,20,18,22,16,14,23,19,21,22,26,32,25,28,21,31,32,37,30,28,40,52,50,42,42,49,66,68,66,73,79,117,108,116,163,130,141,141,143,51
Iceland,ISL,0,5,3,0,1,3,5,3,5,2,4,1,3,2,6,8,5,2,4,3,6,4,4,4,6,7,3,1,5,8,3,5,9,6,5,9,2,4,4,7,6,5,9,5,8,6,6,5,7,8,3,6,8,6,9,10,12,13,14,17,18,23,18,21,26,29,28,30,33,36,46,59,59,70,39
India,IND,45,65,36,65,70,77,73,67,96,75,79,93,100,93,103,102,82,108,122,129,117,137,136,126,123,114,132,134,142,143,139,116,137,123,133,142,154,172,152,169,163,153,150,147,146,170,199,171,174,176,198,225,218,223,271,272,350,350,381,386,416,456,527,555,597,597,614,703,791,934,988,1110,987,927,412
Indonesia,IDN,9,8,12,17,7,11,15,19,20,15,26,20,17,21,15,21,22,20,23,31,26,16,25,22,26,25,29,23,26,26,33,23,26,30,21,29,27,38,30,39,29,38,36,41,32,30,43,30,37,53,43,50,51,72,65,73,79,74,94,90,95,97,86,105,148,146,136,136,166,166,193,239,193,182,63
Iran,IRN,7,9,18,10,4,10,10,11,5,13,9,8,12,18,11,14,13,13,22,21,22,23,19,13,21,22,19,23,19,24,15,19,21,19,16,25,21,18,18,17,22,23,24,26,30,25,28,27,31,30,30,32,40,40,47,41,51,54,58,61,53,69,72,86,77,103,100,103,126,153,144,159,122,134,52
Iraq,IRQ,1,0,0,1,1,1,2,0,2,0,5,0,1,2,2,2,2,1,5,0,1,2,2,0,1,5,4,2,0,1,5,0,0,2,4,1,3,0,2,1,3,1,1,6,4,2,1,0,1,1,4,2,4,6,2,1,3,4,6,3,10,14,2,16,7,10,5,14,6,11,16,15,13,9,8
Ireland,IRL,5,12,7,7,7,5,13,8,12,8,14,7,13,10,9,9,12,12,14,10,12,8,19,18,19,15,14,15,18,15,10,16,18,18,16,17,18,15,19,20,18,16,22,20,18,21,17,19,14,18,25,26,18,34,32,42,55,46,46,54,60,55,62,74,70,88,70,82,100,92,81,101,119,109,44
Israel,ISR,7,9,3,4,3,6,2,12,9,7,9,11,9,7,6,16,12,12,17,15,13,18,18,11,17,14,15,10,15,23,15,20,15,17,13,16,18,14,22,13,15,24,19,10,14,16,17,32,18,24,18,32,30,20,22,39,45,40,45,47,39,39,41,51,63,64,77,68,87,93,79,89,85,121,46
Italy,ITA,58,49,53,54,56,49,55,58,56,76,71,51,69,78,70,88,109,100,106,104,103,99,113,108,120,107,122,103,122,107,123,104,113,130,121,138,134,141,145,150,164,161,143,146,154,142,155,166,193,194,174,210,172,259,242,279,283,307,326,351,364,381,436,457,546,572,569,685,676,770,771,781,802,784,334
Ivory Coast,CIV,0,0,0,0,0,0,0,0,0,0,0,1,0,0,1,1,1,0,0,1,0,0,1,0,0,0,1,0,0,1,0,0,1,0,0,1,0,0,0,0,1,0,1,0,0,1,1,1,0,0,0,0,0,0,1,0,2,4,2,1,2,2,3,0,1,1,3,1,5,0,3,3,3,8,0
Jamaica,JAM,1,0,0,0,0,0,0,0,0,0,0,1,1,0,2,0,0,1,2,1,0,0,1,1,0,1,0,1,0,0,0,0,1,1,1,0,1,1,1,1,0,2,0,1,1,0,0,1,1,2,1,2,0,1,1,1,2,2,1,1,1,2,2,0,5,0,2,4,2,3,1,3,3,2,1
Japan,JPN,104,131,113,136,129,145,161,133,142,148,175,164,147,140,147,185,160,222,216,220,217,209,259,243,246,225,261,243,260,255,253,252,262,262,278,253,285,289,279,295,296,293,269,287,292,339,355,318,338,357,350,383,452,526,523,602,600,627,692,706,744,729,863,981,1032,1131,1250,1422,1375,1481,1492,1758,1895,1794,712
Jordan,JOR,0,0,0,1,0,0,1,1,0,1,0,0,0,0,2,3,0,0,0,0,0,3,0,0,0,2,1,1,3,3,1,1,0,0,0,1,3,3,0,1,1,0,1,3,2,1,0,1,3,1,0,0,2,1,3,3,2,2,2,3,2,4,5,0,1,4,1,5,4,6,9,6,4,6,3
Kazakhstan,KAZ,1,4,2,3,1,4,7,4,3,2,2,1,2,1,4,4,3,2,3,5,7,3,1,5,8,8,11,6,6,7,4,4,9,5,10,8,11,5,6,9,7,10,4,6,4,3,5,7,7,8,8,8,12,20,19,21,23,26,22,29,33,27,31,49,27,31,32,43,39,23,35,41,39,31,14
Kenya,KEN,0,0,0,1,1,1,3,0,1,1,0,1,0,0,1,1,0,1,0,1,2,2,0,1,0,2,2,2,0,0,1,1,2,3,2,1,1,0,3,5,0,2,1,1,2,0,1,2,3,1,2,0,0,2,6,4,3,7,3,0,2,7,3,5,6,4,4,6,6,10,6,12,5,11,4
Kiribati,KIR,0,0,0,0,0,0,0,0,0,0,0,0,0,0,0,0,0,0,0,0,1,0,0,0,0,0,0,0,0,0,0,0,1,0,0,0,0,0,0,0,0,1,0,0,0,0,0,0,0,0,0,0,0,0,0,0,0,0,0,0,0,0,0,0,1,1,1,0,0,1,0,0,0,1,0
"Korea, North",PRK,1,1,1,1,0,1,1,0,0,1,1,0,0,0,0,0,0,2,1,0,0,1,0,1,3,0,1,0,2,0,1,2,0,1,0,0,0,1,0,1,0,1,0,2,2,2,3,0,0,2,1,0,1,2,3,1,1,3,3,4,2,4,2,4,2,5,4,5,15,7,9,7,6,8,2
"Korea, South",KOR,23,31,22,47,28,35,35,38,48,31,37,44,39,36,47,43,51,67,68,62,68,55,84,76,79,65,70,71,88,70,79,72,78,69,75,78,64,71,80,81,108,116,85,101,87,97,86,102,109,109,108,114,135,147,149,159,173,151,203,204,229,210,231,294,298,361,296,339,330,372,359,384,454,426,151
Kosovo,XKX,1,0,0,1,0,0,0,0,0,0,0,0,0,0,2,1,0,1,3,0,1,0,0,1,1,3,1,0,0,1,0,3,1,0,1,1,1,0,0,1,2,1,0,2,3,0,1,1,0,2,3,2,3,2,4,1,1,0,2,5,1,3,2,2,3,4,2,2,7,7,4,6,4,5,3
Kuwait,KWT,2,0,1,0,0,0,0,0,1,1,3,1,3,2,2,0,0,2,3,2,1,2,2,4,0,2,0,2,2,1,3,2,0,1,3,4,4,2,0,1,3,1,3,1,2,2,1,2,3,1,3,3,1,5,3,5,5,4,9,3,5,4,5,5,8,8,7,9,6,10,14,31,32,21,5
Kyrgyzstan,KGZ,2,0,0,0,0,1,1,0,0,0,0,0,0,0,0,0,1,1,0,0,1,0,0,1,0,0,0,1,4,0,1,0,1,1,0,2,2,1,1,0,1,3,0,1,0,3,0,0,2,1,0,2,0,0,3,0,5,0,3,4,3,2,0,0,0,4,5,6,4,2,5,2,6,5,1
Lao People'S Democratic Republic,LAO,0,0,0,0,0,0,0,0,0,0,0,0,1,0,0,1,0,1,0,0,0,0,0,1,1,0,0,0,1,1,1,0,1,0,0,0,1,0,0,0,0,2,0,0,0,1,0,0,0,1,0,1,0,1,0,1,1,0,0,3,1,0,1,1,1,3,2,2,4,0,1,5,3,2,0
Latvia,LVA,3,4,3,8,5,3,5,5,2,8,8,4,2,2,8,6,8,7,10,5,6,4,12,6,11,7,8,7,9,10,14,5,7,9,11,9,9,6,5,10,11,12,7,4,14,10,13,14,10,15,15,21,13,11,16,18,16,20,36,25,18,30,22,28,41,25,32,37,30,34,55,43,83,84,31
Lebanon,LBN,2,4,4,1,3,2,4,3,1,4,1,4,8,2,6,4,6,1,0,2,5,7,2,5,9,3,3,7,5,7,2,5,3,7,5,4,4,9,5,10,5,9,3,9,5,10,7,8,8,7,8,9,2,7,12,12,5,5,21,10,9,15,12,21,18,13,15,31,30,25,31,25,26,40,13
Lesotho,LSO,0,0,0,0,2,0,0,0,0,0,0,0,0,1,0,0,2,0,0,0,0,0,1,0,0,0,0,0,1,1,0,0,0,0,0,0,0,0,0,0,0,0,0,0,0,0,1,0,0,0,0,0,0,0,0,0,0,0,1,1,1,0,0,0,1,0,0,0,0,2,0,0,1,1,0
Liberia,LBR,0,0,0,0,0,0,0,0,0,0,0,1,0,0,0,0,0,0,0,0,0,0,0,0,0,0,0,0,1,0,0,0,0,0,0,1,0,0,0,1,0,0,0,0,0,0,1,0,0,0,0,0,1,0,1,0,2,1,1,0,0,0,0,0,1,0,0,0,3,2,0,0,0,2,1
Libya,LBY,0,0,0,0,0,0,0,0,0,0,0,0,0,0,0,0,1,0,0,2,0,1,0,0,0,1,0,0,0,0,0,0,0,1,0,0,1,0,0,2,0,0,1,0,0,2,1,0,1,0,0,0,0,0,0,0,1,0,0,0,1,1,1,0,0,0,1,1,0,0,1,1,2,1,1
Liechtenstein,LIE,0,0,1,0,0,0,0,0,0,0,0,1,0,0,0,0,0,0,0,0,0,0,0,0,1,0,0,0,0,0,0,0,0,0,0,0,0,0,1,0,0,0,0,0,0,0,1,1,2,0,1,0,0,0,1,1,0,1,1,0,1,1,1,1,0,1,0,5,0,4,5,3,1,1,0
Lithuania,LTU,3,1,1,1,3,2,2,4,1,3,1,7,1,1,4,7,6,6,5,7,2,4,6,3,7,2,2,5,6,5,5,8,6,8,5,3,3,5,9,6,5,7,7,6,6,4,6,4,6,7,6,7,5,16,9,11,9,11,9,14,13,19,8,15,20,16,22,21,27,30,21,36,30,37,16
Luxembourg,LUX,1,1,0,0,3,2,0,1,0,4,0,3,4,2,3,3,1,5,5,4,1,1,3,4,1,1,2,3,4,0,3,4,3,2,3,3,5,6,6,2,10,5,4,7,5,4,5,1,6,3,6,10,6,6,7,16,11,7,9,13,10,13,12,15,13,15,17,17,20,20,20,23,29,33,10
Macau,MAC,1,1,1,1,0,0,0,0,2,0,1,0,0,0,0,1,3,1,0,1,2,0,1,2,0,2,0,2,0,3,0,1,1,1,1,0,2,0,1,6,1,1,1,3,2,2,3,3,3,3,0,1,3,2,2,1,5,5,5,2,2,2,3,10,4,2,3,7,1,5,4,6,4,5,3
Madagascar,MDG,0,0,0,0,0,0,0,0,0,0,0,0,0,0,0,0,0,1,0,1,1,0,0,0,0,0,0,0,1,0,1,0,1,0,0,0,0,0,0,1,0,1,1,0,0,1,1,3,0,1,0,1,0,0,2,0,0,3,1,1,2,0,4,0,2,2,1,0,1,4,0,1,2,4,0
Malawi,MWI,0,0,0,1,0,1,0,1,0,0,1,0,0,0,0,0,0,0,0,0,0,0,0,0,0,0,0,1,0,0,0,0,1,0,1,0,0,0,0,0,0,0,0,0,0,0,2,1,1,0,0,0,0,1,0,2,0,1,2,1,0,0,1,0,1,2,0,1,1,1,1,0,0,0,0
Malaysia,MYS,9,5,6,3,4,4,6,7,5,5,2,2,6,7,11,5,7,12,11,11,13,3,13,6,9,17,14,13,9,10,12,11,12,11,8,18,25,11,20,7,14,8,10,14,6,23,19,16,19,10,12,19,15,23,15,33,30,19,30,22,29,33,33,29,48,41,51,50,54,62,70,55,70,71,36
Maldives,MDV,0,0,0,0,0,0,0,0,0,0,0,1,1,1,0,0,0,0,0,0,1,0,0,0,0,0,0,0,0,0,0,0,0,0,0,0,0,0,0,0,1,0,1,0,1,0,0,0,0,0,0,0,1,1,0,0,0,1,1,2,2,2,1,1,0,1,1,3,0,1,0,0,1,2,0
Mali,MLI,1,0,0,2,0,0,0,0,0,0,0,0,0,1,2,1,0,2,0,2,0,0,1,3,0,2,0,0,0,0,0,0,0,0,0,0,0,1,0,1,0,1,0,0,1,0,1,1,0,1,1,0,1,2,0,1,2,1,2,3,0,2,1,3,2,1,1,5,3,1,5,2,3,6,1
Malta,MLT,0,0,0,1,1,0,1,1,1,1,0,0,0,0,0,0,0,0,1,0,0,0,0,0,0,0,0,1,0,0,0,0,0,0,2,2,2,1,3,0,0,2,1,0,0,2,0,5,1,0,0,3,0,1,1,3,2,1,3,3,2,3,4,1,3,2,3,4,0,2,4,7,4,3,1
Marshall Islands,MHL,0,0,0,0,0,0,0,0,0,0,0,0,0,0,0,0,0,1,0,0,1,0,0,0,0,0,0,0,0,0,0,0,0,0,0,0,0,0,0,0,0,0,0,0,0,0,0,0,0,0,0,0,0,2,0,0,0,0,0,0,0,1,0,0,0,0,0,0,2,0,0,2,1,0,0
Martinique,MTQ,0,0,0,0,0,0,0,0,0,0,0,0,0,0,0,0,0,0,1,0,0,0,0,0,0,0,0,0,0,0,0,0,0,0,0,0,0,0,0,0,0,0,0,0,0,0,0,0,0,0,0,0,1,1,0,0,0,0,0,0,0,0,0,1,2,0,1,2,0,1,2,1,2,0,1
Mauritania,MRT,0,0,0,0,0,0,0,1,0,0,0,0,0,0,0,0,0,1,0,0,0,0,0,0,0,0,0,1,0,0,0,0,0,0,0,1,0,0,0,1,0,0,0,0,0,1,0,0,0,3,0,1,1,0,1,0,0,0,0,1,0,1,2,2,1,0,3,0,3,2,0,0,2,0,1
Mauritius,MUS,0,0,0,0,0,0,0,1,0,0,0,0,0,0,0,0,0,0,0,0,2,0,1,0,1,0,1,0,0,2,0,0,0,0,0,0,0,0,0,1,1,0,0,1,0,1,0,0,0,0,1,0,1,0,1,1,0,0,3,1,0,0,0,1,0,0,1,1,0,0,1,2,3,0,2
Mayotte,MYT,0,0,0,0,0,0,0,0,0,0,0,0,0,0,1,0,0,0,0,0,0,0,0,0,1,0,0,0,0,0,0,0,0,0,0,0,0,0,0,0,0,0,0,0,1,0,0,0,1,0,0,0,0,0,0,0,0,0,0,0,0,1,0,0,0,1,0,0,0,1,0,0,0,1,0
Mexico,MEX,37,41,37,30,45,38,33,38,47,46,48,46,51,41,50,48,55,53,53,72,57,83,64,58,73,75,76,63,65,63,67,65,79,79,91,75,78,81,83,92,84,88,111,95,118,89,110,98,97,106,131,115,154,164,201,177,208,208,221,218,244,265,251,302,323,345,340,344,392,479,518,644,680,704,303
Monaco,MCO,0,0,1,0,0,0,1,0,0,0,0,0,1,2,0,1,0,0,0,0,0,0,0,0,0,1,0,0,0,0,0,0,0,0,0,0,0,0,0,0,1,0,1,0,0,0,0,0,1,0,1,0,0,0,1,0,0,0,2,1,0,0,0,1,0,0,1,2,0,0,3,1,1,2,0
Mongolia,MNG,0,0,0,0,0,1,0,0,0,1,0,0,0,3,0,1,2,2,1,1,0,1,1,1,4,2,0,0,0,1,2,1,1,0,0,2,1,1,0,0,2,4,3,2,1,1,0,2,3,1,1,1,4,3,3,0,3,1,1,7,3,4,3,2,6,4,4,5,4,17,11,10,4,7,1
Montenegro,MNE,0,0,0,0,0,2,0,2,0,0,1,2,0,0,2,0,2,1,0,1,0,0,1,0,0,2,1,0,0,1,0,1,1,1,3,0,0,3,1,0,0,0,0,0,1,1,1,3,0,1,1,4,2,1,2,3,1,2,1,4,3,2,1,2,3,5,0,2,5,5,3,6,4,8,4
Montserrat,MSR,0,0,0,0,0,0,0,0,0,0,0,0,0,0,0,0,0,0,0,0,0,0,0,0,0,0,0,0,0,0,0,0,0,0,0,0,0,1,0,0,0,0,0,0,0,1,0,0,0,1,0,0,0,0,0,0,0,0,0,0,0,0,0,0,0,0,1,1,0,1,0,0,0,0,0
Morocco,MAR,3,3,1,3,3,2,2,1,5,4,5,2,3,0,2,1,1,5,4,6,3,3,4,2,7,0,4,4,7,2,6,3,3,7,5,3,1,3,3,6,7,5,5,5,4,5,4,8,6,8,6,6,5,7,6,8,6,8,10,7,12,9,13,21,11,9,23,17,19,29,19,24,18,27,8
Mozambique,MOZ,0,0,0,1,0,0,0,0,0,0,0,0,1,0,0,1,0,1,1,1,0,0,0,0,0,0,1,1,1,0,0,1,2,0,1,0,0,2,0,0,0,0,1,0,1,0,0,0,0,1,0,0,1,1,2,4,1,1,1,0,2,1,3,1,1,3,1,2,1,2,2,4,3,3,2
Myanmar,MMR,0,0,2,0,0,0,3,0,0,0,2,1,1,0,1,1,2,4,2,3,2,1,0,1,0,1,0,1,3,0,1,1,3,4,3,3,0,1,2,1,1,0,1,3,2,2,3,0,3,1,6,6,6,1,3,1,4,4,4,3,4,1,9,6,7,2,6,3,5,2,12,10,8,7,4
Namibia,NAM,1,0,1,0,0,0,1,0,0,0,0,0,0,0,0,4,0,0,0,0,0,1,0,1,1,0,2,0,1,0,1,0,0,0,0,0,0,1,1,0,0,0,0,0,2,1,1,1,2,0,0,1,1,0,0,1,0,3,2,1,1,1,2,2,4,4,4,2,1,1,0,5,3,4,0
Nauru,NRU,0,0,0,0,0,0,0,0,0,0,0,0,0,0,0,0,0,0,0,0,0,0,0,0,0,0,1,0,0,0,0,0,0,0,0,0,0,0,0,0,0,0,0,0,0,0,0,0,0,0,0,0,0,0,0,0,0,0,0,0,0,0,0,0,0,0,1,0,0,0,0,0,0,1,0
Nepal,NPL,3,2,1,1,0,2,0,0,0,1,1,0,2,4,0,2,1,1,6,1,3,3,0,2,2,1,3,2,2,7,2,0,2,2,2,1,4,1,5,2,3,3,2,2,0,0,3,5,4,1,5,2,4,4,4,2,10,3,8,6,2,4,6,12,5,4,11,7,15,15,10,18,11,13,6
Netherlands,NLD,18,11,19,18,18,27,17,22,19,23,27,20,33,28,27,26,34,47,41,40,42,46,36,37,28,28,34,32,39,33,50,39,41,61,48,46,45,51,41,40,62,52,42,48,39,47,35,54,47,46,60,76,87,68,79,87,94,118,124,108,142,143,148,165,200,196,185,200,262,265,260,320,316,309,159
Netherlands Antilles,ANT,0,0,0,0,0,0,0,0,0,0,0,0,0,1,0,0,0,0,0,0,0,0,0,0,0,0,0,0,0,0,0,0,1,0,0,0,0,0,0,0,0,1,0,0,0,2,0,2,0,0,0,0,0,0,0,0,1,0,1,1,1,0,0,0,0,1,1,0,0,1,0,1,1,1,0
New Caledonia,NCL,0,0,0,0,0,0,0,0,0,0,0,0,1,0,0,0,0,0,0,0,0,0,1,0,1,2,1,0,0,0,0,0,0,1,0,0,0,0,0,0,0,0,0,0,0,0,0,0,0,0,0,0,1,0,0,0,0,0,0,0,1,1,0,0,0,0,1,0,0,0,0,0,0,4,0
New Zealand,NZL,4,6,4,4,1,9,5,2,5,5,10,3,5,6,7,6,8,10,5,15,11,7,14,9,8,8,8,11,4,10,7,9,12,9,12,15,9,16,14,13,9,19,7,13,12,16,12,12,17,17,14,16,18,18,12,16,33,27,33,36,36,32,25,44,44,52,36,48,59,50,59,69,74,79,43
Nicaragua,NIC,0,1,0,0,0,1,0,1,0,1,1,1,0,1,0,1,0,0,1,0,0,1,2,1,0,0,2,1,0,0,2,0,0,1,2,0,1,1,1,0,0,2,2,1,1,0,0,2,0,1,1,0,1,0,0,4,2,1,1,5,1,1,0,1,2,2,3,3,2,2,4,7,2,2,1
Niger,NER,0,0,0,0,0,0,0,0,0,0,1,0,0,0,0,1,0,1,0,0,1,0,0,0,0,0,0,2,2,1,0,1,1,0,1,0,0,0,0,0,0,0,0,0,0,0,0,1,0,0,0,1,0,2,0,1,0,1,1,2,0,2,3,4,1,3,1,1,4,3,2,2,5,0,0
Nigeria,NGA,3,3,3,1,2,2,5,2,5,4,5,3,4,4,8,2,4,4,11,3,8,6,4,3,5,7,5,2,7,8,8,3,5,2,6,6,3,6,7,6,6,8,7,6,11,10,3,8,5,8,7,3,11,9,9,11,14,7,12,13,12,15,12,17,21,27,15,16,16,32,23,20,29,33,15
Niue,NIU,0,0,0,0,0,0,0,0,0,0,0,0,0,0,0,0,0,0,0,0,0,1,0,0,0,0,0,0,0,0,0,0,0,0,0,0,0,0,0,0,0,0,0,0,0,0,0,0,0,0,0,0,0,0,0,0,0,0,0,0,0,0,0,0,0,0,0,0,0,0,0,0,1,0,0
Norfolk Island,NFK,0,0,0,0,0,1,0,0,0,0,0,0,0,0,0,0,0,0,0,0,0,0,0,0,0,0,0,0,0,0,0,0,0,0,0,0,0,0,0,0,0,0,0,0,0,0,0,0,0,0,0,0,0,0,0,0,0,0,0,0,0,0,0,0,0,0,0,0,0,0,0,0,0,0,0
North Macedonia,MKD,1,2,2,2,4,5,3,2,3,2,1,2,3,0,2,3,3,4,4,3,2,0,3,1,4,4,4,5,5,4,7,1,7,3,3,5,3,2,5,8,5,2,5,4,5,6,3,5,3,7,4,5,9,8,6,5,12,8,6,9,6,7,12,14,10,9,14,9,15,11,20,16,18,24,8
Northern Mariana Islands,MNP,0,0,0,0,0,0,0,0,0,0,0,0,0,0,0,0,0,0,0,0,0,0,2,0,0,0,0,0,0,0,0,0,0,0,0,0,0,0,0,0,0,0,0,0,0,0,0,0,0,0,0,1,0,0,0,0,0,0,1,0,0,0,0,1,1,0,0,0,0,0,0,1,0,0,0
Norway,NOR,8,8,10,10,10,10,9,12,13,11,15,19,8,15,12,17,22,21,20,19,16,17,28,22,22,28,20,22,24,22,20,30,25,21,25,23,28,34,30,29,31,24,23,24,26,36,32,39,37,29,37,39,49,39,48,59,58,42,54,57,71,75,77,90,99,109,134,132,144,129,151,157,158,202,66
Oman,OMN,0,0,0,0,0,0,0,0,0,0,0,1,0,0,0,0,0,0,0,0,0,0,0,0,0,0,1,0,0,0,0,1,0,0,0,0,0,1,0,0,0,0,0,1,0,1,0,0,0,0,0,0,0,1,1,0,1,0,1,0,0,0,1,0,1,0,1,0,0,3,2,0,0,1,0
Pakistan,PAK,2,4,1,1,5,3,2,1,1,5,1,3,2,3,0,1,4,0,6,2,5,1,3,2,5,0,2,6,1,5,2,4,7,6,1,2,5,3,3,4,2,4,7,7,4,6,8,2,4,3,3,5,8,7,9,4,7,9,11,5,14,10,9,16,18,16,23,28,20,30,30,30,38,28,8
Palau,PLW,0,0,0,0,0,0,0,0,0,0,0,0,0,0,0,0,1,1,0,0,0,0,0,0,0,0,0,0,0,0,0,0,0,0,0,0,0,0,0,0,1,0,0,0,0,0,0,0,0,0,0,0,0,0,0,0,0,0,1,0,0,0,0,0,1,0,0,1,0,0,0,0,0,0,1
Panama,PAN,0,1,0,0,0,0,0,0,2,1,2,1,1,0,0,2,0,0,1,1,0,0,1,1,0,1,2,0,0,0,1,1,0,2,2,2,0,0,2,1,2,1,2,0,0,0,1,0,1,1,0,2,1,0,1,2,4,2,0,3,3,3,5,1,5,3,2,3,6,4,1,8,5,3,1
Papua New Guinea,PNG,0,0,0,1,0,0,0,0,0,0,0,0,0,0,1,0,0,0,0,2,0,0,1,0,0,0,0,0,0,0,1,0,1,0,1,0,0,1,0,1,0,0,0,0,1,0,0,1,0,1,0,1,2,0,0,0,1,0,3,0,0,1,1,1,1,1,2,1,1,3,2,3,3,1,1
Paraguay,PRY,0,1,1,0,0,0,0,2,1,2,2,0,0,0,1,0,0,1,1,0,0,0,1,0,1,0,2,1,0,0,2,1,2,1,0,2,0,0,0,1,1,0,1,2,3,1,1,0,1,0,1,0,0,1,2,1,4,0,1,3,3,5,6,3,2,9,1,5,5,5,7,9,6,5,4
Peru,PER,2,6,9,5,3,4,0,4,3,6,12,5,3,5,3,5,8,7,8,6,9,5,6,8,7,12,9,7,5,15,8,8,5,6,13,4,10,5,15,5,6,10,7,5,13,13,7,9,6,10,13,20,11,12,17,9,20,24,27,21,21,24,25,30,38,44,31,39,38,40,46,48,37,41,18
Philippines,PHL,13,13,23,27,17,17,25,24,19,15,17,20,33,23,23,28,27,31,33,37,31,50,44,40,45,46,37,37,40,44,35,45,36,33,51,38,41,54,36,45,59,45,36,50,43,48,66,68,45,66,57,64,70,72,92,92,106,106,109,134,112,146,146,180,178,237,237,294,337,404,390,379,396,382,146
Pitcairn,PCN,0,0,0,0,0,0,0,0,0,0,0,0,0,0,0,0,0,0,0,0,0,0,0,0,0,0,0,0,0,0,0,0,0,0,0,0,0,0,0,0,0,0,0,0,0,0,0,0,0,0,1,0,0,0,0,0,0,0,0,0,1,0,0,0,0,0,0,0,0,0,0,0,0,0,0
Poland,POL,19,16,19,24,21,15,18,21,26,19,18,19,21,18,23,20,29,29,36,19,36,29,29,32,31,23,17,33,39,36,44,39,31,33,21,43,34,30,39,41,49,29,44,35,50,51,40,47,53,46,46,51,76,62,68,61,77,77,103,105,93,144,115,143,158,186,180,206,240,265,318,332,343,329,135
Portugal,PRT,17,9,9,14,10,23,10,14,22,20,11,17,16,15,16,19,24,23,24,18,39,30,28,31,22,25,29,27,35,31,37,17,30,34,30,42,31,43,41,43,21,28,30,42,39,34,51,34,27,36,48,44,54,48,60,70,68,73,76,80,76,93,102,122,112,124,124,152,126,135,160,201,168,177,65
Puerto Rico,PRI,2,1,4,3,3,3,2,4,2,4,6,4,5,6,8,7,7,5,7,7,3,8,8,6,8,4,6,5,9,8,7,2,7,9,6,8,7,8,5,14,8,6,6,10,1,9,6,7,6,6,10,10,8,8,5,25,10,8,11,20,21,20,11,29,18,27,27,34,38,48,44,51,56,71,20
Qatar,QAT,1,1,2,1,0,0,2,3,1,2,1,2,1,3,1,3,2,1,0,1,0,2,3,0,2,1,5,3,2,4,2,3,2,1,6,2,3,0,3,1,2,5,2,3,2,4,3,2,5,3,6,2,5,5,2,8,4,8,7,8,6,12,14,7,10,4,7,8,11,22,21,14,20,11,1
R??Union,REU,0,0,0,0,0,0,0,0,0,0,0,0,0,0,0,1,0,0,0,0,0,0,0,0,1,0,0,0,0,1,0,1,1,0,0,0,0,1,0,0,0,0,0,1,0,0,0,0,0,1,0,0,0,1,0,1,0,1,0,1,0,0,0,1,0,0,0,0,1,0,0,0,0,2,0
Republic Of Moldova,MDA,0,0,0,0,0,0,0,0,2,0,0,0,0,0,0,1,0,0,0,0,0,1,1,0,0,1,1,0,0,1,0,0,1,1,0,1,0,1,1,1,0,1,0,0,1,3,0,0,0,2,1,0,3,0,1,1,1,1,1,2,0,2,5,2,1,4,2,1,0,2,5,2,2,2,3
Romania,ROU,9,7,5,6,3,3,6,6,2,6,10,5,11,5,2,8,7,11,13,8,13,17,13,11,19,16,12,9,14,9,10,16,7,10,13,16,14,14,15,18,12,11,6,20,15,10,14,11,15,20,22,20,21,19,13,25,28,27,35,27,36,42,44,38,53,59,54,57,71,77,90,88,98,79,29
Russian Federation,RUS,26,33,27,31,34,29,37,31,30,55,46,30,47,34,35,43,50,55,62,46,71,67,65,67,55,68,76,59,53,64,60,62,76,88,67,68,79,75,70,71,92,90,103,86,91,75,65,94,95,110,128,111,107,112,148,137,208,188,180,180,192,216,246,331,266,269,241,293,330,416,335,404,467,569,267
Rwanda,RWA,0,1,0,0,0,0,0,0,0,0,1,0,0,0,1,0,0,0,0,0,0,1,0,2,0,0,1,1,1,0,0,0,2,1,1,0,0,1,0,1,2,2,0,0,0,0,1,0,0,0,1,1,1,1,0,1,0,2,1,2,0,1,2,3,1,1,4,2,1,2,2,1,0,3,2
"Saint Helena, Ascension And Tristan Da Cunha",SHN,0,0,0,0,0,0,0,0,0,0,0,0,0,0,0,1,0,0,0,0,0,0,0,0,0,0,0,0,0,0,0,0,0,0,0,0,0,0,0,0,0,1,0,0,0,0,0,0,0,0,0,0,0,0,0,0,1,0,0,0,0,0,0,0,0,0,1,0,0,0,0,0,0,0,0
Saint Kitts And Nevis,KNA,0,0,1,0,0,0,0,0,0,0,0,0,0,0,0,1,0,0,0,0,0,0,0,0,0,0,0,0,0,0,0,0,0,0,1,0,0,0,0,0,0,1,0,0,0,0,1,0,0,0,0,0,1,0,0,0,0,0,0,0,0,0,0,0,0,0,0,1,2,1,1,0,0,0,0
Saint Lucia,LCA,0,0,0,0,0,0,0,0,0,0,0,0,0,0,0,0,0,0,0,0,0,0,0,0,0,0,0,0,0,1,0,0,0,0,0,0,0,0,0,1,0,0,0,0,0,0,0,0,0,0,0,0,1,0,0,0,0,0,0,0,0,0,1,2,1,0,0,0,1,0,0,0,1,0,0
Saint Pierre And Miquelon,SPM,0,0,0,0,0,0,0,0,0,0,0,0,0,0,0,0,0,0,0,0,0,0,0,0,0,0,0,0,0,0,1,0,0,0,0,0,0,0,0,0,0,0,0,0,0,0,0,0,0,0,0,0,0,0,0,0,0,0,0,0,0,0,0,0,0,0,0,0,0,0,0,0,0,1,0
Saint Vincent And The Grenadines,VCT,0,0,0,0,0,1,0,0,0,0,0,0,0,0,0,0,0,1,0,0,0,0,0,0,0,0,0,0,0,0,0,0,0,0,0,0,0,0,0,0,0,0,0,0,0,0,0,0,0,0,0,0,0,0,1,0,1,0,0,0,0,0,0,0,0,0,0,0,1,0,0,1,0,0,0
Samoa,WSM,0,0,0,0,0,0,0,0,0,0,0,0,0,1,0,0,0,0,0,0,0,0,0,0,0,0,0,0,0,0,0,0,0,0,0,0,0,0,0,0,0,0,0,0,0,0,2,0,0,0,0,0,0,1,0,0,0,1,0,0,0,0,0,0,1,2,1,0,1,1,0,2,0,0,1
San Marino,SMR,0,0,0,0,0,0,0,0,0,0,0,0,0,0,0,0,0,0,0,1,0,0,0,0,0,0,0,0,0,0,0,0,0,0,0,0,0,0,0,0,0,0,0,0,0,0,1,0,0,1,0,0,0,0,0,0,0,0,0,0,0,1,0,0,0,2,0,1,0,0,0,0,0,2,0
Sao Tome And Principe,STP,0,0,0,0,0,0,0,0,0,0,0,0,0,0,0,0,0,1,0,0,0,0,0,0,0,0,0,0,0,0,0,0,0,0,0,0,0,1,0,0,0,0,0,0,0,0,0,0,0,0,0,0,0,0,0,0,0,0,0,0,0,1,2,0,0,0,0,0,0,1,0,0,2,0,0
Saudi Arabia,SAU,4,3,3,1,0,2,4,0,1,4,1,0,3,2,2,4,4,0,3,4,1,6,7,1,1,3,0,1,4,8,3,7,4,5,10,3,4,4,2,2,3,7,1,3,2,3,4,2,3,1,3,1,1,8,9,11,9,8,10,10,17,13,19,19,14,12,20,31,18,20,26,27,24,27,6
Senegal,SEN,1,1,0,1,0,0,0,0,1,0,0,1,0,1,1,1,0,0,1,3,3,1,1,2,0,1,0,0,1,1,1,3,0,1,4,1,0,4,2,2,0,3,0,1,2,2,0,2,2,1,3,3,2,5,3,2,3,3,2,4,1,6,5,7,4,10,7,12,8,6,8,11,15,11,2
Serbia,SRB,5,5,4,4,3,5,11,5,3,5,5,10,5,6,10,6,6,9,5,4,9,9,6,8,8,6,5,6,5,9,6,13,6,11,14,8,8,9,12,5,14,7,9,4,6,11,16,10,9,12,8,11,15,12,16,15,23,19,25,26,20,25,28,36,22,43,32,43,41,47,46,34,42,42,21
Serbia And Montenegro,SCG,0,0,0,0,0,0,1,0,0,0,0,0,0,0,1,0,0,0,0,0,2,0,0,1,0,0,0,0,1,0,2,1,1,1,0,1,0,0,0,0,0,0,1,3,0,1,0,2,0,1,0,0,0,0,0,0,0,1,2,0,1,2,3,4,4,1,2,2,1,2,5,2,9,10,4
Seychelles,SYC,0,0,0,0,0,0,0,0,0,0,0,0,0,0,0,0,0,0,0,0,0,0,1,1,0,0,0,0,0,0,0,0,0,1,0,0,0,0,0,0,0,0,0,0,0,0,0,0,0,0,0,0,0,0,0,0,0,1,0,0,0,0,0,0,0,0,1,0,1,0,0,0,0,0,0
Sierra Leone,SLE,0,0,0,0,0,0,0,0,0,0,1,0,0,0,0,0,0,0,0,0,1,0,0,0,0,0,0,0,0,0,0,0,0,0,0,0,0,1,0,1,0,0,0,0,0,0,1,2,0,0,1,0,0,0,0,0,1,1,1,0,0,0,1,0,0,0,0,0,0,2,3,0,2,1,1
Singapore,SGP,5,8,6,3,2,4,9,4,3,3,3,1,4,5,7,6,4,4,5,4,8,2,7,7,10,9,9,8,7,11,6,9,4,3,8,15,8,10,10,10,10,11,6,7,8,8,6,11,10,11,7,9,18,16,24,25,17,14,16,25,21,17,44,30,35,25,47,47,48,47,39,56,32,49,20
Slovakia,SVK,2,0,3,1,4,5,3,1,3,5,4,2,4,2,5,2,4,7,2,2,7,6,4,8,5,7,4,5,3,5,5,5,7,5,5,5,4,6,9,14,18,7,7,9,4,7,10,13,12,9,6,12,19,33,24,14,18,24,19,23,24,27,28,35,26,27,23,33,42,33,47,39,44,59,19
Slovenia,SVN,1,5,4,2,2,5,8,4,3,3,5,5,2,3,9,7,5,4,6,3,3,6,5,4,10,5,13,10,8,6,10,14,13,10,6,7,11,8,10,5,5,4,6,9,7,9,4,11,10,12,4,5,7,11,13,16,15,24,13,19,12,21,16,25,19,16,13,22,23,35,38,32,41,45,26
Solomon Islands,SLB,0,0,0,0,0,0,0,0,0,0,1,0,0,0,0,1,0,0,0,0,0,0,0,0,0,0,0,0,0,0,0,0,0,0,0,0,0,0,0,0,0,0,0,0,0,0,0,0,0,0,0,0,0,0,0,1,0,0,0,0,0,3,0,0,0,1,0,0,0,0,1,1,0,1,0
Somalia,SOM,0,1,1,0,1,0,0,0,0,0,0,0,1,0,0,0,0,1,0,1,1,0,0,0,0,0,0,0,0,1,0,0,0,0,0,0,0,0,1,0,0,0,0,1,1,1,0,1,1,0,0,0,0,2,2,1,0,1,1,0,0,2,1,1,0,2,0,2,1,2,1,0,0,1,1
South Africa,ZAF,6,4,2,2,3,4,6,1,7,4,3,6,9,4,5,8,9,11,6,9,7,8,12,9,14,13,8,10,16,9,14,9,15,10,7,14,8,12,12,10,17,14,7,18,9,13,20,20,12,14,14,24,21,31,21,26,36,27,35,35,28,34,39,46,56,61,53,56,59,71,80,98,81,96,29
South Georgia And The South Sandwich Islands,SGS,0,0,0,0,0,0,0,0,0,0,0,1,0,0,0,0,0,0,0,0,0,0,0,0,0,0,0,0,0,0,0,0,0,0,0,0,0,0,1,0,0,0,0,0,0,0,0,0,0,0,0,0,0,0,0,0,0,0,0,0,0,0,0,0,0,0,0,0,0,0,0,0,0,0,0
South Sudan,SSD,0,0,0,0,0,0,0,0,0,0,0,0,0,0,1,0,0,0,0,1,0,0,0,0,0,0,0,0,0,2,1,0,0,0,0,0,0,0,0,0,0,0,0,0,0,1,1,0,0,0,0,0,0,0,0,2,0,0,0,0,1,0,0,1,0,0,0,0,0,0,1,1,1,0,0
Spain,ESP,58,44,40,47,53,48,52,60,53,54,70,52,60,58,65,83,64,83,85,83,93,94,95,98,110,101,102,88,98,98,107,92,129,88,111,99,109,117,107,141,133,116,124,129,147,114,121,135,147,131,146,165,155,192,187,224,290,269,270,275,310,352,372,438,462,472,461,560,603,639,670,709,739,716,296
Sri Lanka,LKA,0,0,1,2,2,2,0,2,3,1,0,1,1,1,0,1,0,1,1,4,1,2,2,3,2,2,2,2,3,6,4,4,1,1,0,2,4,2,5,1,0,2,3,1,1,0,4,5,5,2,3,4,7,2,6,4,2,8,3,6,5,6,6,7,5,7,4,10,12,12,13,13,15,10,8
State Of Palestine,PSE,2,0,0,0,0,2,1,3,4,2,0,4,1,3,0,4,0,3,3,5,4,3,4,1,4,3,0,5,3,5,1,3,3,3,4,4,5,3,2,5,3,5,2,2,2,2,3,6,2,6,9,11,6,10,4,4,6,2,9,5,10,7,16,6,11,13,16,15,19,19,15,26,19,26,10
Sudan,SDN,1,0,0,0,0,0,0,0,0,0,0,0,0,0,1,0,1,1,0,0,0,1,0,0,0,1,1,0,0,1,0,0,1,1,0,1,1,0,0,1,0,2,0,0,2,2,0,0,0,0,2,1,1,0,0,0,1,0,1,2,3,2,1,2,2,1,1,3,2,5,3,4,2,2,0
Suriname,SUR,0,0,0,0,0,0,0,0,0,0,0,0,0,0,0,0,0,0,0,0,0,0,0,0,1,0,0,0,0,0,0,0,0,0,0,1,0,2,0,0,0,0,0,0,0,0,0,0,0,0,0,0,0,0,0,0,1,0,1,1,1,1,1,0,1,1,0,1,1,0,2,2,1,1,1
Svalbard And Jan Mayen,SJM,0,0,0,0,0,0,0,1,0,0,0,0,0,0,0,0,0,0,0,0,0,0,0,0,0,0,0,0,0,0,0,0,0,0,0,0,0,0,0,0,1,0,0,0,0,0,0,0,0,1,0,0,0,0,0,0,0,0,0,0,0,0,0,2,0,0,0,1,0,0,0,0,2,0,0
Sweden,SWE,22,25,19,20,27,43,26,24,28,44,34,33,27,27,33,27,48,36,40,51,51,51,38,54,40,37,49,38,50,55,45,44,48,44,56,39,48,55,60,52,56,59,52,59,52,54,53,63,54,66,81,101,79,109,102,105,137,132,142,149,171,167,184,184,219,251,255,324,346,350,434,432,413,468,222
Switzerland,CHE,21,11,10,13,16,11,12,16,15,12,18,14,19,21,19,20,17,24,30,19,32,19,26,26,25,20,29,25,16,33,29,37,26,30,25,31,40,38,36,44,32,28,36,31,45,28,39,44,44,37,41,40,47,51,45,50,73,68,76,78,90,91,101,119,100,105,125,162,170,179,174,230,199,251,110
Syrian Arab Republic,SYR,1,0,1,1,1,1,1,3,0,1,0,3,0,1,0,4,1,1,2,2,0,2,0,1,2,4,3,2,1,2,3,3,3,2,2,1,2,5,5,0,1,2,3,5,3,3,1,1,1,2,1,4,4,2,5,3,5,5,4,4,8,6,4,5,11,10,10,7,13,8,11,10,8,14,11
Taiwan,TWN,15,13,8,11,8,10,8,12,8,22,10,17,16,12,14,17,10,16,17,21,20,28,16,29,24,23,23,24,23,20,25,23,35,20,26,28,31,34,24,34,28,28,31,33,29,32,37,29,27,38,33,40,31,39,50,64,69,68,62,86,85,70,83,94,114,103,101,128,161,179,162,192,181,197,65
Tajikistan,TJK,0,1,0,1,0,0,0,0,0,0,0,0,0,0,0,0,1,0,0,1,0,0,0,0,0,0,0,0,0,0,0,1,2,0,0,0,0,1,1,0,0,0,0,0,0,0,0,0,0,1,0,1,0,0,0,1,2,0,0,0,0,0,0,1,0,2,1,1,2,1,3,5,4,2,0
Thailand,THA,8,7,10,7,10,8,9,12,8,6,11,10,9,8,14,20,7,18,13,18,17,18,18,16,17,18,23,19,15,18,10,13,18,13,21,18,17,9,22,24,25,26,26,19,17,24,23,23,25,17,27,34,36,32,37,49,43,54,56,39,55,66,62,61,97,93,82,93,118,135,121,126,144,123,63
Timor-Leste,TLS,0,0,0,0,0,0,0,0,0,0,0,0,0,0,0,0,0,0,0,0,0,0,0,0,0,0,0,0,0,0,0,0,1,0,0,0,0,0,1,0,0,0,0,0,0,1,0,1,1,0,0,0,0,1,0,0,0,0,0,0,0,0,1,0,0,1,0,2,0,0,0,0,0,0,2
Togo,TGO,0,0,0,0,0,0,0,0,0,1,1,1,0,0,0,0,0,0,0,0,0,0,0,0,0,0,0,0,1,0,0,0,0,0,1,0,0,0,1,2,0,0,0,0,0,1,0,0,0,0,0,1,0,0,0,0,0,1,1,0,0,0,1,2,0,0,1,0,1,1,2,0,2,1,0
Tokelau,TKL,0,0,0,0,0,0,0,0,0,0,0,0,0,0,0,0,0,0,0,1,0,0,0,0,0,0,0,0,0,0,0,1,0,0,0,0,0,0,0,0,0,0,0,0,0,0,0,0,0,0,0,0,0,0,0,0,0,0,0,0,0,0,0,0,1,0,0,0,0,0,0,0,0,0,0
Tonga,TON,0,0,0,0,0,0,0,0,0,0,0,0,0,0,0,0,0,0,0,0,0,0,0,0,0,0,0,0,0,0,0,0,0,0,0,0,0,0,1,0,0,0,0,1,0,0,0,0,0,0,0,0,0,0,0,1,1,0,0,0,0,0,0,0,0,1,0,0,0,0,0,0,1,1,1
Trinidad And Tobago,TTO,0,0,0,0,0,0,0,1,0,0,0,0,2,1,0,1,0,1,0,0,0,0,2,1,1,0,0,0,1,0,0,0,1,0,2,1,0,0,0,2,1,0,1,0,0,2,0,2,1,2,1,0,1,1,1,1,0,1,2,3,1,2,1,0,3,2,2,2,2,2,2,2,2,1,2
Tunisia,TUN,2,2,2,1,0,1,1,3,5,1,0,2,1,0,3,1,1,5,0,3,4,2,4,2,0,4,2,0,4,2,0,2,4,2,1,2,3,2,1,1,5,1,4,3,6,2,5,5,3,3,7,2,8,0,4,4,2,4,6,6,7,14,12,19,9,10,12,6,9,19,9,15,11,12,9
Turkey,TUR,17,9,11,12,18,13,26,17,18,20,24,23,19,20,21,12,20,23,25,38,26,27,27,32,33,28,27,28,29,33,31,23,24,33,23,27,30,21,36,48,38,28,40,48,38,42,31,22,37,39,52,46,46,67,77,62,86,85,89,79,106,94,129,153,140,169,170,197,224,241,255,250,260,214,104
Turkmenistan,TKM,0,0,0,0,0,0,0,0,0,0,0,0,0,0,0,0,1,0,0,0,0,0,1,0,0,0,0,0,0,0,0,0,0,0,0,0,0,1,1,1,0,0,1,0,1,0,0,0,0,0,0,1,0,1,1,0,3,2,0,2,1,0,0,0,1,0,0,3,0,0,0,1,4,1,0
Turks And Caicos Islands,TCA,0,0,0,0,0,0,0,0,0,0,0,0,0,0,0,0,0,0,0,0,0,0,0,0,0,0,0,0,0,0,0,0,0,1,0,0,0,0,0,0,0,0,0,0,0,0,0,0,0,0,0,0,0,0,1,0,0,1,1,0,0,0,0,0,0,1,0,0,0,0,0,0,0,0,0
Tuvalu,TUV,0,0,0,0,0,0,0,0,0,0,0,0,1,0,0,0,0,0,0,0,0,0,0,0,0,0,0,0,0,0,0,0,0,0,0,0,1,0,0,0,0,0,0,0,0,0,0,0,0,0,0,0,0,0,0,0,0,0,0,0,0,0,1,0,0,2,0,0,0,0,0,0,1,0,0
Uganda,UGA,0,1,0,0,1,0,0,1,0,0,0,0,1,2,0,1,1,0,0,5,1,0,0,0,1,2,0,0,0,1,1,0,3,3,1,0,1,0,2,2,1,2,3,0,4,0,2,1,0,0,3,0,0,0,0,1,0,3,1,1,4,2,3,4,4,1,6,4,2,4,3,4,5,3,2
Ukraine,UKR,11,5,3,6,8,6,4,11,11,9,9,7,12,15,9,12,10,15,13,17,11,19,19,23,20,19,19,12,14,25,26,15,16,16,12,19,20,12,21,19,23,26,23,10,15,19,24,23,27,26,16,18,38,36,37,32,46,37,43,47,44,64,49,55,50,59,65,63,69,61,79,100,100,127,53
United Arab Emirates,ARE,0,1,2,0,1,3,2,0,1,0,0,1,2,1,5,4,0,2,0,1,2,4,4,1,2,4,1,3,3,3,0,2,1,4,2,2,2,4,3,4,4,2,6,6,3,1,3,6,4,3,4,3,5,7,5,6,5,5,5,10,14,7,19,7,15,7,5,9,7,10,7,13,21,11,6
United Kingdom,GBR,96,115,120,112,113,130,129,145,135,153,133,149,188,150,165,206,165,185,231,218,255,249,236,260,250,246,258,213,254,261,264,270,282,253,287,269,278,326,315,345,326,306,296,297,326,315,308,335,354,384,401,444,468,499,550,637,708,738,704,783,820,861,1015,1093,1187,1248,1321,1508,1484,1611,1616,1848,1715,1902,743
United Republic Of Tanzania,TZA,0,0,0,0,1,0,0,0,0,1,0,1,0,0,1,2,0,0,0,1,0,0,1,2,0,0,1,0,1,1,0,3,1,1,1,0,0,0,3,0,0,1,0,0,1,1,0,0,0,2,0,1,0,1,1,3,0,1,1,3,4,1,3,0,4,4,3,3,0,4,6,4,4,1,1
United States,USA,440,475,486,504,456,502,507,563,593,571,603,614,646,658,722,782,858,828,915,959,1045,1032,1074,1004,1030,1027,957,1005,1065,1065,1099,1087,1126,1101,1144,1157,1235,1335,1359,1324,1323,1321,1307,1300,1363,1427,1403,1460,1512,1590,1690,1701,1839,2003,2198,2484,2679,2802,2921,3231,3296,3808,4028,4516,5048,5161,5612,6150,6178,6765,6905,7180,7187,7022,2782
United States Minor Outlying Islands,UMI,0,0,0,0,0,0,0,0,0,0,0,0,0,0,0,1,0,0,0,0,0,0,0,0,0,0,0,0,0,0,0,0,0,0,0,0,0,0,0,0,0,0,0,0,0,0,0,0,0,0,0,0,0,0,0,0,0,0,0,0,0,0,0,0,0,0,0,0,0,0,0,1,0,0,0
Uruguay,URY,0,2,2,0,1,3,1,2,4,4,4,3,3,3,2,0,1,5,5,4,2,6,6,5,9,3,3,3,3,6,2,5,7,5,8,4,5,1,4,6,5,6,2,5,7,8,12,8,8,10,7,9,12,11,7,11,9,11,11,8,15,22,13,18,28,22,26,37,30,33,27,37,41,42,22
Us Virgin Islands,VIR,0,0,0,0,0,0,0,0,0,0,0,0,1,0,0,0,0,0,0,0,0,0,0,0,0,0,0,0,0,0,1,0,0,0,0,0,0,0,0,0,1,0,0,0,0,0,0,0,1,0,0,0,0,0,1,0,0,0,0,0,1,1,0,0,0,0,1,1,0,0,1,0,0,0,1
Ussr,SUN,26,13,15,27,16,20,25,24,18,21,30,30,32,27,30,26,33,35,43,38,47,43,40,39,41,43,36,41,41,36,42,38,39,38,44,57,35,30,34,40,35,40,51,52,54,37,48,58,67,74,68,67,76,90,81,108,117,122,112,138,136,161,184,190,256,304,314,342,456,594,656,743,605,533,205
Uzbekistan,UZB,1,0,0,0,0,0,0,0,0,0,0,0,0,1,1,2,0,1,1,0,3,1,0,1,1,0,0,0,2,0,1,0,0,2,2,0,2,1,1,0,2,0,0,2,2,3,1,1,1,0,0,1,0,1,1,2,3,1,4,1,2,5,5,4,3,3,1,6,3,3,2,7,10,4,4
Vanuatu,VUT,0,0,0,0,0,0,0,1,0,0,0,0,0,0,0,0,0,0,1,0,0,0,0,1,0,0,0,0,0,0,0,0,0,0,0,0,0,0,1,0,0,0,0,0,0,1,0,0,0,0,1,0,0,0,0,0,0,0,0,0,1,0,0,0,0,1,1,1,0,2,2,0,0,2,0
Venezuela,VEN,1,2,3,2,3,3,3,3,3,2,3,1,1,1,4,2,2,2,4,2,2,4,7,1,4,3,2,1,3,3,4,3,4,2,1,4,7,2,3,6,4,9,6,4,3,6,3,8,4,7,3,6,7,11,10,5,8,16,9,8,22,15,15,17,17,18,22,21,13,14,21,27,21,22,19
Vietnam,VNM,0,4,2,1,3,5,2,4,7,2,2,4,5,6,4,3,3,2,4,7,7,4,8,4,5,2,4,5,2,4,5,3,7,7,5,2,6,2,3,3,5,3,5,7,7,3,7,2,5,3,5,6,10,8,13,7,12,10,11,9,7,17,8,21,22,23,29,21,26,28,23,26,42,25,17
Wallis And Futuna,WLF,0,0,0,0,0,0,0,0,0,0,0,0,0,0,0,0,0,0,0,0,0,0,0,0,0,0,0,0,0,0,0,0,0,0,0,0,0,0,1,0,0,0,0,0,0,0,0,0,0,0,0,0,1,0,0,0,0,0,0,0,0,0,0,0,0,0,0,0,1,0,0,0,0,0,0
Western Sahara,ESH,0,0,0,0,0,0,1,1,0,0,0,0,0,0,0,0,0,0,0,0,0,0,0,0,0,0,0,0,0,0,0,0,0,0,0,0,0,0,0,0,0,0,0,0,0,0,0,0,0,0,0,1,0,0,0,0,0,0,0,0,0,0,0,0,1,0,0,0,1,0,0,0,0,0,0
Yemen,YEM,1,0,1,0,0,0,0,0,0,0,0,0,0,0,0,0,0,2,0,0,0,0,0,0,0,0,0,0,1,0,0,0,0,0,0,0,0,0,0,0,0,0,1,0,0,0,0,0,0,1,0,0,0,0,2,0,0,0,0,2,0,0,2,0,1,0,0,0,1,3,0,0,3,1,0
Yugoslavia,YUG,2,7,3,3,6,3,9,10,12,4,4,6,5,5,13,12,11,9,10,9,7,10,7,5,10,13,13,10,11,8,16,7,14,12,14,13,13,10,13,11,8,14,13,17,17,14,23,17,14,19,23,16,15,31,30,29,31,34,37,41,27,51,56,53,61,69,77,97,108,136,164,160,124,101,42
Zambia,ZMB,0,0,0,0,0,1,1,1,1,1,1,0,0,0,0,1,1,0,1,0,0,0,0,0,0,0,0,0,0,0,0,0,0,0,0,0,0,0,0,0,0,0,1,0,0,0,1,0,0,1,0,0,0,1,2,1,1,0,0,1,0,0,0,0,2,0,0,1,3,2,2,0,1,3,1
Zimbabwe,ZWE,0,0,0,0,0,0,0,0,0,0,0,1,0,1,0,0,0,0,0,0,0,0,0,1,1,0,0,0,0,1,1,2,0,0,2,0,0,2,0,0,0,1,1,1,0,1,0,0,0,1,1,0,1,1,2,0,0,1,1,0,0,1,0,4,2,2,1,1,2,2,3,2,4,7,1
